{"main":"american-flights-api.raml","name":"American Flights API","organizationId":"4a9b8073-9a0a-494a-b3b1-a7ffc720bbe9","groupId":"4a9b8073-9a0a-494a-b3b1-a7ffc720bbe9","assetId":"american-flights-api","version":"1.0.1","metadata":{"branchId":"master","commitId":"8e09def219f07ed25d945f05481cb1f1ea1f0c0d","projectId":"094790b2-a8f4-4932-881a-6bc8d6e69f55"},"apiVersion":"v1","classifier":"raml","dependencies":[{"assetId":"training-american-flight-data-type","groupId":"68ef9520-24e9-4cf2-b2f5-620025690913","version":"1.0.1"},{"assetId":"training-american-flights-example","groupId":"68ef9520-24e9-4cf2-b2f5-620025690913","version":"1.0.1"}],"tags":[],"originalFormatVersion":"1.0"}