<?xml version="1.0" encoding="UTF-8"?>

<mule xmlns:http="http://www.mulesoft.org/schema/mule/http" xmlns="http://www.mulesoft.org/schema/mule/core"
	xmlns:doc="http://www.mulesoft.org/schema/mule/documentation"
	xmlns:xsi="http://www.w3.org/2001/XMLSchema-instance" xsi:schemaLocation="http://www.mulesoft.org/schema/mule/core http://www.mulesoft.org/schema/mule/core/current/mule.xsd
http://www.mulesoft.org/schema/mule/http http://www.mulesoft.org/schema/mule/http/current/mule-http.xsd">
	<http:listener-config name="HTTP_Listener_config" doc:name="HTTP Listener config" doc:id="197a0eea-b2e8-49aa-88a7-a4c418cedc5e" >
		<http:listener-connection host="0.0.0.0" port="8081" />
	</http:listener-config>
	<http:request-config name="HTTP_Request_configuration" doc:name="HTTP Request configuration" doc:id="9b0f5bf3-8ef2-40bf-97fb-ac80404b7509" >
		<http:request-connection host="0.0.0.0" port="1245" />
	</http:request-config>
	<flow name="HelloFlow" doc:id="611bc4d9-0775-4370-85f0-dd49b52bce04" >
		<http:listener doc:name="GET /hello" doc:id="28ee213b-8780-45fe-9133-4f3b523a93c0" config-ref="HTTP_Listener_config" path="/hello" allowedMethods="GET"/>
		<set-payload value="Hello World!!" doc:name="Hello World!!" doc:id="03f203ca-c1eb-4040-a55b-c11214fd5fa2" />
		<http:request method="GET" doc:name="GET /goodbye" doc:id="e1996dfa-3a5c-42e8-bcbc-b4328665b04a" responseTimeout="300000" config-ref="HTTP_Request_configuration"/>
		<logger level="INFO" doc:name="Logger" doc:id="6212aefa-0acf-4f6b-bc4b-3ae12f174cd9" />
	</flow>
	<flow name="goodbyeFlow" doc:id="41b91bc3-e32b-438a-a9a4-656e392b8bb9" >
		<http:listener doc:name="GET /goodbye" doc:id="d4010fa6-c5ed-4016-9535-cd104a7207fe" config-ref="HTTP_Listener_config" path="/goodbye"/>
		<set-payload value='#["GOODBYE"]' doc:name="Set Payload" doc:id="014ceb98-4ab3-430f-b83e-431d9efea2a1" />
		<logger level="INFO" doc:name="PAYLOAD" doc:id="bda1dfed-f014-4190-841c-f78969f28476" message="#[payload]"/>
	</flow>
</mule>
